,precision,recall,f1-score,support
ependymoma,1.0,0.8888888888888888,0.9411764705882353,9.0
glioblastoma,0.875,1.0,0.9333333333333333,7.0
medulloblastoma,1.0,0.75,0.8571428571428571,4.0
normal,1.0,1.0,1.0,3.0
pilocytic_astrocytoma,0.75,1.0,0.8571428571428571,3.0
accuracy,0.9230769230769231,0.9230769230769231,0.9230769230769231,0.9230769230769231
macro avg,0.925,0.9277777777777778,0.9177591036414565,26.0
weighted avg,0.9375,0.9230769230769231,0.9232277526395172,26.0
